run_id,scenario,scenario_type,detector_mode,detector_version,duration_seconds,high_confidence_reached,first_high_confidence_time_seconds,max_score,final_state,decoy_interaction,files_intended,files_affected,avg_cpu_percent,max_cpu_percent,avg_rss_mb,max_rss_mb,validity
05070ead-f6c3-4493-9be1-1dc8befa3642,DECOY_AVOIDANCE,ATTACK_SIMULATION,SHORT_WINDOW_BASELINE,SM-AY26-P3-v1,3.2,False,,75,IDLE,False,5,0,35.25,99.0,71.88,71.89,SUCCESS
0efad1ed-e695-4e5c-9f62-f54e64dd68f7,BENIGN_COMPRESSION,BENIGN,STATEFUL_MULTI_TIMESCALE,SM-AY26-P3-v1,2.83,True,2.83,98.4,CONTAINMENT_PENDING,False,10,0,33.08,103.2,71.68,71.69,SUCCESS
15cc2f90-1066-4947-8035-4677dd7911d4,FAST_TRANSFORMATION,ATTACK_SIMULATION,STATEFUL_MULTI_TIMESCALE,SM-AY26-P3-v1,3.13,True,2.62,238.0,CONTAINMENT_PENDING,False,10,0,40.26,101.2,71.81,71.97,SUCCESS
17d9474d-0a11-4e39-a1f8-fdbc96daa1ef,BENIGN_BACKUP_STYLE,BENIGN,SHORT_WINDOW_BASELINE,SM-AY26-P3-v1,1.92,False,,0.0,IDLE,False,10,0,5.27,15.0,67.47,67.59,SUCCESS
22ac9b18-1cf6-458e-a370-ab612324002f,BENIGN_DOCUMENT_EDIT,BENIGN,STATEFUL_MULTI_TIMESCALE,SM-AY26-P3-v1,3.94,True,3.81,172.6,CONTAINMENT_PENDING,False,10,0,48.14,103.4,71.83,71.89,SUCCESS
2667571e-9fe6-4860-a158-1b3bd371e358,SLOW_TRANSFORMATION,ATTACK_SIMULATION,STATEFUL_MULTI_TIMESCALE,SM-AY26-P3-v1,35.52,True,2.22,5791.6,CONTAINMENT_PENDING,False,10,0,52.22,104.2,73.29,73.29,SUCCESS
26ff3cb6-83b4-4594-9e61-54a3189529fb,RENAME_HEAVY,ATTACK_SIMULATION,STATEFUL_MULTI_TIMESCALE,SM-AY26-P3-v1,2.68,True,2.17,238.5,CONTAINMENT_PENDING,False,15,0,33.72,103.7,73.17,73.18,SUCCESS
2b4ced6c-fbe6-4fa9-b22f-a40047f74c4c,BENIGN_BULK_COPY,BENIGN,STATEFUL_MULTI_TIMESCALE,SM-AY26-P3-v1,2.86,True,2.86,98.4,CONTAINMENT_PENDING,False,10,0,32.38,95.2,71.65,71.66,SUCCESS
3e516390-bdd0-437b-aed4-084486eb9afd,INTERMITTENT_TRANSFORMATION,ATTACK_SIMULATION,STATEFUL_MULTI_TIMESCALE,SM-AY26-P3-v1,21.27,True,2.1,5321.1,CONTAINMENT_PENDING,False,12,0,48.32,102.3,72.95,73.07,SUCCESS
514ab7c0-547a-41f1-8f74-99fa569a6dd2,RENAME_HEAVY,ATTACK_SIMULATION,SHORT_WINDOW_BASELINE,SM-AY26-P3-v1,2.93,False,,75,IDLE,False,15,0,35.95,102.2,73.17,73.18,SUCCESS
5695eea5-44fa-4a64-bc42-4eafbac221f3,SLOW_TRANSFORMATION,ATTACK_SIMULATION,SHORT_WINDOW_BASELINE,SM-AY26-P3-v1,34.78,False,,70,IDLE,False,10,0,52.21,105.6,73.27,73.3,SUCCESS
7233913c-1ad1-4b4b-9714-56b5eb2560e0,BENIGN_BULK_COPY,BENIGN,SHORT_WINDOW_BASELINE,SM-AY26-P3-v1,2.57,False,,0.0,IDLE,False,10,0,31.92,99.7,71.47,71.65,SUCCESS
7ee22c53-0873-4501-82b5-1ea37bf82e29,BENIGN_RENAME_BATCH,BENIGN,STATEFUL_MULTI_TIMESCALE,SM-AY26-P3-v1,2.57,True,2.57,98.5,CONTAINMENT_PENDING,False,10,0,36.33,100.4,71.71,71.88,FAILED
84dd7427-3667-4442-9de2-8fdb5aa73466,BENIGN_COMPRESSION,BENIGN,SHORT_WINDOW_BASELINE,SM-AY26-P3-v1,1.82,False,,0.0,IDLE,False,10,0,4.74,7.6,71.68,71.68,SUCCESS
91e5cfe0-29cb-4f44-b838-9323fc012150,MIXED_BEHAVIOR,ATTACK_SIMULATION,STATEFUL_MULTI_TIMESCALE,SM-AY26-P3-v1,2.69,True,2.18,238.4,CONTAINMENT_PENDING,False,10,0,34.85,101.4,73.17,73.18,SUCCESS
9f73b304-0617-48b5-9063-ebd57e5ae766,MIXED_BEHAVIOR,ATTACK_SIMULATION,SHORT_WINDOW_BASELINE,SM-AY26-P3-v1,2.83,False,,75,IDLE,False,10,0,36.82,101.5,73.17,73.18,SUCCESS
abfa6353-8155-4918-becb-b1322ef34c99,BENIGN_RENAME_BATCH,BENIGN,SHORT_WINDOW_BASELINE,SM-AY26-P3-v1,1.62,False,,0.0,IDLE,False,10,0,3.75,7.6,71.76,71.86,SUCCESS
c36fd69a-6a43-4808-b813-488ccbe2abff,FAST_TRANSFORMATION,ATTACK_SIMULATION,SHORT_WINDOW_BASELINE,SM-AY26-P3-v1,4.64,False,,75,IDLE,False,10,0,62.29,104.5,71.97,72.04,SUCCESS
ca126670-bfd9-4484-964f-6ee7986ec54d,INTERMITTENT_TRANSFORMATION,ATTACK_SIMULATION,SHORT_WINDOW_BASELINE,SM-AY26-P3-v1,20.88,False,,75,IDLE,False,12,0,51.49,105.9,72.2,72.46,SUCCESS
cd0222a5-77ae-4ad3-a5a6-59e49b716dd7,BENIGN_BACKUP_STYLE,BENIGN,STATEFUL_MULTI_TIMESCALE,SM-AY26-P3-v1,6.5,True,6.5,96.1,CONTAINMENT_PENDING,False,10,0,62.38,102.1,71.46,71.72,FAILED
d5b3dc3a-004b-42f2-bb28-a650d52f776b,DECOY_AVOIDANCE,ATTACK_SIMULATION,STATEFUL_MULTI_TIMESCALE,SM-AY26-P3-v1,3.02,True,2.52,238.3,CONTAINMENT_PENDING,False,5,0,33.84,101.2,71.89,71.9,SUCCESS
f2be398e-5243-40f3-bb4b-fdb090825390,BENIGN_DOCUMENT_EDIT,BENIGN,SHORT_WINDOW_BASELINE,SM-AY26-P3-v1,3.52,False,,0.0,IDLE,False,10,0,44.05,103.4,71.74,71.82,SUCCESS
