scenario,scenario_type,detector_mode,total_runs,successful_runs,detection_rate,false_positive_rate,evasion_rate,mean_latency_seconds,mean_max_score,avg_cpu_percent,peak_cpu_percent,avg_rss_mb,peak_rss_mb
BENIGN_BACKUP_STYLE,BENIGN,SHORT_WINDOW_BASELINE,1,1,0.0,0.0,0.0,N/A,0.0,5.27,15.0,67.47,67.59
BENIGN_BULK_COPY,BENIGN,SHORT_WINDOW_BASELINE,1,1,0.0,0.0,0.0,N/A,0.0,31.92,99.7,71.47,71.65
BENIGN_BULK_COPY,BENIGN,STATEFUL_MULTI_TIMESCALE,1,1,0.0,1.0,0.0,2.86,98.4,32.38,95.2,71.65,71.66
BENIGN_COMPRESSION,BENIGN,SHORT_WINDOW_BASELINE,1,1,0.0,0.0,0.0,N/A,0.0,4.74,7.6,71.68,71.68
BENIGN_COMPRESSION,BENIGN,STATEFUL_MULTI_TIMESCALE,1,1,0.0,1.0,0.0,2.83,98.4,33.08,103.2,71.68,71.69
BENIGN_DOCUMENT_EDIT,BENIGN,SHORT_WINDOW_BASELINE,1,1,0.0,0.0,0.0,N/A,0.0,44.05,103.4,71.74,71.82
BENIGN_DOCUMENT_EDIT,BENIGN,STATEFUL_MULTI_TIMESCALE,1,1,0.0,1.0,0.0,3.81,172.6,48.14,103.4,71.83,71.89
BENIGN_RENAME_BATCH,BENIGN,SHORT_WINDOW_BASELINE,1,1,0.0,0.0,0.0,N/A,0.0,3.75,7.6,71.76,71.86
DECOY_AVOIDANCE,ATTACK_SIMULATION,SHORT_WINDOW_BASELINE,1,1,0.0,0.0,1.0,N/A,75.0,35.25,99.0,71.88,71.89
DECOY_AVOIDANCE,ATTACK_SIMULATION,STATEFUL_MULTI_TIMESCALE,1,1,1.0,0.0,0.0,2.52,238.3,33.84,101.2,71.89,71.9
FAST_TRANSFORMATION,ATTACK_SIMULATION,SHORT_WINDOW_BASELINE,1,1,0.0,0.0,1.0,N/A,75.0,62.29,104.5,71.97,72.04
FAST_TRANSFORMATION,ATTACK_SIMULATION,STATEFUL_MULTI_TIMESCALE,1,1,1.0,0.0,0.0,2.62,238.0,40.26,101.2,71.81,71.97
INTERMITTENT_TRANSFORMATION,ATTACK_SIMULATION,SHORT_WINDOW_BASELINE,1,1,0.0,0.0,1.0,N/A,75.0,51.49,105.9,72.2,72.46
INTERMITTENT_TRANSFORMATION,ATTACK_SIMULATION,STATEFUL_MULTI_TIMESCALE,1,1,1.0,0.0,0.0,2.1,5321.1,48.32,102.3,72.95,73.07
MIXED_BEHAVIOR,ATTACK_SIMULATION,SHORT_WINDOW_BASELINE,1,1,0.0,0.0,1.0,N/A,75.0,36.82,101.5,73.17,73.18
MIXED_BEHAVIOR,ATTACK_SIMULATION,STATEFUL_MULTI_TIMESCALE,1,1,1.0,0.0,0.0,2.18,238.4,34.85,101.4,73.17,73.18
RENAME_HEAVY,ATTACK_SIMULATION,SHORT_WINDOW_BASELINE,1,1,0.0,0.0,1.0,N/A,75.0,35.95,102.2,73.17,73.18
RENAME_HEAVY,ATTACK_SIMULATION,STATEFUL_MULTI_TIMESCALE,1,1,1.0,0.0,0.0,2.17,238.5,33.72,103.7,73.17,73.18
SLOW_TRANSFORMATION,ATTACK_SIMULATION,SHORT_WINDOW_BASELINE,1,1,0.0,0.0,1.0,N/A,70.0,52.21,105.6,73.27,73.3
SLOW_TRANSFORMATION,ATTACK_SIMULATION,STATEFUL_MULTI_TIMESCALE,1,1,1.0,0.0,0.0,2.22,5791.6,52.22,104.2,73.29,73.29
