run_id,scenario,scenario_type,detector_mode,duration_seconds,high_confidence_reached,detection_latency,max_score,final_state,decoy_interaction,files_intended,files_affected,synthetic_evasion_success,true_positive,false_positive,false_negative,true_negative,avg_cpu_percent,max_cpu_percent,avg_rss_mb,max_rss_mb,validity
29a697f4-f7d8-4527-9d1c-98d1c7229b5b,BENIGN_RENAME_BATCH,BENIGN,SHORT_WINDOW_BASELINE,1.82,False,,0.0,IDLE,False,10,0,False,0,0,0,1,3.72,7.5,72.05,72.05,SUCCESS
32067664-93a5-4a72-93a6-ccbc62bdaff0,DECOY_AVOIDANCE,ATTACK_SIMULATION,SHORT_WINDOW_BASELINE,2.81,False,,75.0,IDLE,False,5,15,True,0,0,1,0,37.44,99.3,72.07,72.07,SUCCESS
32128bb8-31ae-426b-a1b9-db35b95ee1c7,MIXED_BEHAVIOR,ATTACK_SIMULATION,STATEFUL_MULTI_TIMESCALE,2.61,True,2.1,100.0,CONTAINMENT_PENDING,False,10,16,False,1,0,0,0,34.84,99.7,72.87,72.88,SUCCESS
3bfac1d3-efd5-4954-b0f3-c9bc17b99b95,BENIGN_COMPRESSION,BENIGN,STATEFUL_MULTI_TIMESCALE,2.78,False,,15.0,OBSERVING,False,5,6,False,0,0,0,1,35.83,101.5,71.64,71.65,SUCCESS
4d162938-c8e8-43db-a924-420b1a31820c,BENIGN_BACKUP_STYLE,BENIGN,SHORT_WINDOW_BASELINE,2.02,False,,0.0,IDLE,False,10,0,False,0,0,0,1,5.24,14.8,67.56,67.71,SUCCESS
501fb235-f3af-4c7c-9abc-238f66dd5cec,DECOY_AVOIDANCE,ATTACK_SIMULATION,STATEFUL_MULTI_TIMESCALE,2.81,True,2.31,100.0,CONTAINMENT_PENDING,False,5,15,False,1,0,0,0,35.92,102.1,72.08,72.08,SUCCESS
540e868f-e103-4f41-9d55-cd7737586def,FAST_TRANSFORMATION,ATTACK_SIMULATION,SHORT_WINDOW_BASELINE,3.17,False,,75.0,IDLE,False,10,26,True,0,0,1,0,53.13,100.8,72.14,72.21,SUCCESS
6b99365a-8ee6-4791-9375-090cae1528df,SLOW_TRANSFORMATION,ATTACK_SIMULATION,STATEFUL_MULTI_TIMESCALE,33.81,True,2.27,100.0,CONTAINMENT_PENDING,False,10,30,False,1,0,0,0,50.61,104.4,73.01,73.07,SUCCESS
82357744-77a7-4a65-806c-8d31bd56f12f,RENAME_HEAVY,ATTACK_SIMULATION,STATEFUL_MULTI_TIMESCALE,2.67,True,2.16,100.0,CONTAINMENT_PENDING,False,15,45,False,1,0,0,0,34.05,101.7,72.42,72.44,SUCCESS
84a1ebd5-b55a-443a-bed4-8efb15a48150,BENIGN_DOCUMENT_EDIT,BENIGN,SHORT_WINDOW_BASELINE,4.1,False,,0.0,IDLE,False,1,1,False,0,0,0,1,39.71,100.2,71.68,71.71,SUCCESS
8e66e6e7-15a1-4d80-a174-71122f5ab32f,BENIGN_DOCUMENT_EDIT,BENIGN,STATEFUL_MULTI_TIMESCALE,4.21,False,,72.7,SUSPICIOUS,False,1,1,False,0,0,0,1,43.35,103.4,71.84,72.03,SUCCESS
95a32c05-7f2c-47b3-8b0e-a9e52d36bca3,BENIGN_RENAME_BATCH,BENIGN,STATEFUL_MULTI_TIMESCALE,1.73,False,,0.0,IDLE,False,10,0,False,0,0,0,1,4.44,7.5,72.05,72.06,SUCCESS
9b6698dd-1095-4aa3-9b2d-53cba71fb71b,BENIGN_BACKUP_STYLE,BENIGN,STATEFUL_MULTI_TIMESCALE,2.13,False,,0.0,IDLE,False,10,0,False,0,0,0,1,3.36,7.5,71.13,71.2,SUCCESS
9f8a1cbe-a6db-4f72-81e2-85b1e012cda1,INTERMITTENT_TRANSFORMATION,ATTACK_SIMULATION,STATEFUL_MULTI_TIMESCALE,20.98,True,2.11,100.0,CONTAINMENT_PENDING,False,12,36,False,1,0,0,0,49.2,110.7,72.76,72.77,SUCCESS
aa090444-edd5-497a-a8ac-9d1daac4b718,RENAME_HEAVY,ATTACK_SIMULATION,SHORT_WINDOW_BASELINE,2.96,False,,0.0,IDLE,False,15,30,True,0,0,1,0,51.3,106.3,72.34,72.87,SUCCESS
c86a2d4c-9bf2-4738-a950-9fccd7f6ef9d,FAST_TRANSFORMATION,ATTACK_SIMULATION,STATEFUL_MULTI_TIMESCALE,2.74,True,2.24,100.0,CONTAINMENT_PENDING,False,10,30,False,1,0,0,0,40.41,102.5,72.22,72.23,SUCCESS
e14c20c8-d07f-4c00-82e6-7033670aac12,SLOW_TRANSFORMATION,ATTACK_SIMULATION,SHORT_WINDOW_BASELINE,33.81,False,,70.0,IDLE,False,10,30,True,0,0,1,0,48.53,108.1,72.55,72.57,SUCCESS
e798e729-20e7-4141-943b-fc6bf0dd83c7,BENIGN_BULK_COPY,BENIGN,STATEFUL_MULTI_TIMESCALE,2.79,False,,15.0,OBSERVING,False,10,20,False,0,0,0,1,37.31,100.1,71.6,71.61,SUCCESS
e9ab15c6-ffa5-41bd-aa0f-de48bc0687a9,BENIGN_COMPRESSION,BENIGN,SHORT_WINDOW_BASELINE,2.89,False,,0.0,IDLE,False,5,6,False,0,0,0,1,31.95,101.1,71.63,71.64,SUCCESS
f10aa274-0775-4ec0-8733-b67863097a4f,MIXED_BEHAVIOR,ATTACK_SIMULATION,SHORT_WINDOW_BASELINE,2.53,False,,75.0,IDLE,False,10,16,True,0,0,1,0,33.0,99.6,72.87,72.88,SUCCESS
f7659aa6-c283-4e13-8e8c-d864e315fce8,INTERMITTENT_TRANSFORMATION,ATTACK_SIMULATION,SHORT_WINDOW_BASELINE,21.07,False,,75.0,IDLE,False,12,36,True,0,0,1,0,55.49,105.9,72.25,72.32,SUCCESS
ff7cb782-e112-4b6b-9eb6-2be6c800c8c4,BENIGN_BULK_COPY,BENIGN,SHORT_WINDOW_BASELINE,6.03,False,,0.0,IDLE,False,10,20,False,0,0,0,1,63.88,101.7,71.31,71.57,SUCCESS
